{"type":"object","properties":[{"description":"Tooltip for Enum","name":"name_of_enum_attribute","title":"Name of Enum Attribute","readOnly":false,"columnSpan":4,"required":false,"nodetype":"property","type":"enum","enum":["DRAFT","TESTING","PUBLISHED","DEPRECATED","DESTROY-DRAFT"],"baseType":"enumeration"},{"description":"Boolean","name":"boolean_attribute","title":"Boolean Attribute","readOnly":false,"columnSpan":4,"required":false,"nodetype":"property","type":"boolean","baseType":"boolean"},{"description":"Number Attribute","name":"number_attribute","title":"Number Attribute","readOnly":false,"columnSpan":4,"required":true,"nodetype":"property","type":"number","baseType":"number"},{"description":"This will populate Tooltip","name":"name_of_attribute","title":"Name of Attribute","readOnly":false,"columnSpan":4,"defaultValue":"rest","required":false,"nodetype":"property","type":"string","baseType":"string"},{"description":"This will populate Tooltip","name":"name_of_attribute","title":"Name of Attribute","readOnly":false,"columnSpan":4,"defaultValue":"rest","required":false,"nodetype":"property","type":"string","baseType":"string"},{"description":"This will populate Tooltip","name":"name_of_attribute","title":"Name of Attribute","readOnly":false,"columnSpan":4,"defaultValue":"rest","required":false,"nodetype":"property","type":"string","baseType":"string"},{"description":"This will populate Tooltip","name":"name_of_attribute","title":"Name of Attribute","readOnly":false,"columnSpan":4,"defaultValue":"rest","required":false,"nodetype":"property","type":"string","baseType":"string"},{"description":"This will populate Tooltip","name":"name_of_attribute","title":"Name of Attribute","readOnly":false,"columnSpan":4,"defaultValue":"rest","required":false,"nodetype":"property","type":"string","baseType":"string"},{"description":"This will populate Tooltip","name":"name_of_attribute","title":"Name of Attribute","readOnly":false,"columnSpan":4,"defaultValue":"rest","required":false,"nodetype":"property","type":"string","baseType":"string"},{"description":"This will populate Tooltip","name":"name_of_attribute","title":"Name of Attribute","readOnly":false,"columnSpan":4,"defaultValue":"rest","required":false,"nodetype":"property","type":"string","baseType":"string"},{"description":"This will populate Tooltip","name":"name_of_attribute","title":"Name of Attribute","readOnly":false,"columnSpan":4,"defaultValue":"rest","required":false,"nodetype":"property","type":"string","baseType":"string"},{"description":"This will populate Tooltip","name":"name_of_attribute","title":"Name of Attribute","readOnly":false,"columnSpan":4,"defaultValue":"rest","required":false,"nodetype":"property","type":"string","baseType":"string"},{"description":"This will populate Tooltip","name":"name_of_attribute","title":"Name of Attribute","readOnly":false,"columnSpan":4,"defaultValue":"rest","required":false,"nodetype":"property","type":"string","baseType":"string"},{"description":"This will populate Tooltip","name":"name_of_attribute","title":"Name of Attribute","readOnly":false,"columnSpan":4,"defaultValue":"rest","required":false,"nodetype":"property","type":"string","baseType":"string"},{"description":"This will populate Tooltip","name":"name_of_attribute","title":"Name of Attribute","readOnly":false,"columnSpan":4,"defaultValue":"rest","required":false,"nodetype":"property","type":"string","baseType":"string"},{"description":"This will populate Tooltip","name":"name_of_attribute","title":"Name of Attribute","readOnly":false,"columnSpan":4,"defaultValue":"rest","required":false,"nodetype":"property","type":"string","baseType":"string"},{"description":"This will populate Tooltip","name":"name_of_attribute","title":"Name of Attribute","readOnly":false,"columnSpan":4,"defaultValue":"rest","required":false,"nodetype":"property","type":"string","baseType":"string"},{"description":"This will populate Tooltip","name":"name_of_attribute","title":"Name of Attribute","readOnly":false,"columnSpan":4,"defaultValue":"rest","required":false,"nodetype":"property","type":"string","baseType":"string"},{"description":"This will populate Tooltip","name":"name_of_attribute","title":"Name of Attribute","readOnly":false,"columnSpan":4,"defaultValue":"rest","required":false,"nodetype":"property","type":"string","baseType":"string"},{"description":"This will populate Tooltip","name":"name_of_attribute","title":"Name of Attribute","readOnly":false,"columnSpan":4,"defaultValue":"rest","required":false,"nodetype":"property","type":"string","baseType":"string"},{"description":"This will populate Tooltip","name":"name_of_attribute","title":"Name of Attribute","readOnly":false,"columnSpan":4,"defaultValue":"rest","required":false,"nodetype":"property","type":"string","baseType":"string"},{"description":"This will populate Tooltip","name":"name_of_attribute","title":"Name of Attribute","readOnly":false,"columnSpan":4,"defaultValue":"rest","required":false,"nodetype":"property","type":"string","baseType":"string"},{"description":"This will populate Tooltip","name":"name_of_attribute","title":"Name of Attribute","readOnly":false,"columnSpan":4,"defaultValue":"rest","required":false,"nodetype":"property","type":"string","baseType":"string"},{"description":"This will populate Tooltip","name":"name_of_attribute","title":"Name of Attribute","readOnly":false,"columnSpan":4,"defaultValue":"rest","required":false,"nodetype":"property","type":"string","baseType":"string"},{"description":"This will populate Tooltip","name":"name_of_attribute","title":"Name of Attribute","readOnly":false,"columnSpan":4,"defaultValue":"rest","required":false,"nodetype":"property","type":"string","baseType":"string"},{"description":"This will populate Tooltip","name":"name_of_attribute","title":"Name of Attribute","readOnly":false,"columnSpan":4,"defaultValue":"rest","required":false,"nodetype":"property","type":"string","baseType":"string"}]}